{
  "numeric_cols": [
    "age",
    "csf_glucose",
    "csf_protein",
    "csf_wbc",
    "pcr",
    "microscopy",
    "exposure",
    "risk_score"
  ],
  "cols": [
    "age",
    "csf_glucose",
    "csf_protein",
    "csf_wbc",
    "pcr",
    "microscopy",
    "exposure",
    "risk_score"
  ],
  "median": [
    23.5,
    39.0,
    130.0,
    515.0,
    0.0,
    0.0,
    1.0,
    4.0
  ],
  "mad": [
    10.5,
    21.0,
    57.5,
    290.0,
    1.0,
    1.0,
    1.0,
    2.0
  ],
  "mu": [
    0.28253968253968254,
    0.4666666666666667,
    1.0956521739130436,
    1.0448275862068965,
    0.23333333333333334,
    0.16666666666666666,
    -0.4,
    1.3333333333333333
  ],
  "S": [
    [
      2.0897542158625906,
      0.0,
      0.0,
      0.0,
      0.0,
      0.0,
      0.0,
      0.0
    ],
    [
      0.0,
      3.5945578231292514,
      0.0,
      0.0,
      0.0,
      0.0,
      0.0,
      0.0
    ],
    [
      0.0,
      0.0,
      6.964135323642526,
      0.0,
      0.0,
      0.0,
      0.0,
      0.0
    ],
    [
      0.0,
      0.0,
      0.0,
      6.725441797531675,
      0.0,
      0.0,
      0.0,
      0.0
    ],
    [
      0.0,
      0.0,
      0.0,
      0.0,
      0.18505747126436786,
      0.0,
      0.0,
      0.0
    ],
    [
      0.0,
      0.0,
      0.0,
      0.0,
      0.0,
      0.14367816091954022,
      0.0,
      0.0
    ],
    [
      0.0,
      0.0,
      0.0,
      0.0,
      0.0,
      0.0,
      0.24827586206896549,
      0.0
    ],
    [
      0.0,
      0.0,
      0.0,
      0.0,
      0.0,
      0.0,
      0.0,
      5.850574712643679
    ]
  ],
  "use_diagonal": true,
  "tau": 26.77611219378255,
  "quantile": 0.999
}